id,codicePaziente,livelloGlicemia,data,ora,momentoPasto
1,U003,107.0,2026-05-27,07:30,pre_pasto
2,U003,88.0,2026-05-27,12:30,pre_pasto
3,U003,145.0,2026-05-27,14:30,post_pasto
4,U003,101.0,2026-05-27,19:30,pre_pasto
5,U003,187.0,2026-05-27,21:30,post_pasto
6,U003,110.0,2026-05-28,07:30,pre_pasto
7,U003,138.0,2026-05-28,09:00,post_pasto
8,U003,107.0,2026-05-28,12:30,pre_pasto
9,U003,192.0,2026-05-28,14:30,post_pasto
10,U003,121.0,2026-05-29,12:30,pre_pasto
11,U003,137.0,2026-05-29,14:30,post_pasto
12,U003,153.0,2026-05-29,21:30,post_pasto
13,U003,77.0,2026-05-30,07:30,pre_pasto
14,U003,174.0,2026-05-30,09:00,post_pasto
15,U003,150.0,2026-05-30,12:30,pre_pasto
16,U003,78.0,2026-05-30,14:30,post_pasto
17,U003,121.0,2026-05-30,19:30,pre_pasto
18,U003,126.0,2026-05-30,21:30,post_pasto
19,U003,129.0,2026-05-31,09:00,post_pasto
20,U003,65.0,2026-05-31,12:30,pre_pasto
21,U003,98.0,2026-05-31,19:30,pre_pasto
22,U003,127.0,2026-05-31,21:30,post_pasto
23,U003,63.0,2026-06-01,07:30,pre_pasto
24,U003,67.0,2026-06-01,12:30,pre_pasto
25,U003,212.0,2026-06-01,14:30,post_pasto
26,U003,115.0,2026-06-01,19:30,pre_pasto
27,U003,155.0,2026-06-01,21:30,post_pasto
28,U003,194.0,2026-06-02,09:00,post_pasto
29,U003,163.0,2026-06-02,14:30,post_pasto
30,U003,116.0,2026-06-02,19:30,pre_pasto
31,U003,135.0,2026-06-02,21:30,post_pasto
32,U003,163.0,2026-06-03,09:00,post_pasto
33,U003,110.0,2026-06-03,12:30,pre_pasto
34,U003,157.0,2026-06-03,14:30,post_pasto
35,U003,110.0,2026-06-03,19:30,pre_pasto
36,U003,163.0,2026-06-03,21:30,post_pasto
37,U003,109.0,2026-06-04,07:30,pre_pasto
38,U003,90.0,2026-06-04,09:00,post_pasto
39,U003,87.0,2026-06-04,12:30,pre_pasto
40,U003,124.0,2026-06-04,14:30,post_pasto
41,U003,136.0,2026-06-04,19:30,pre_pasto
42,U003,151.0,2026-06-04,21:30,post_pasto
43,U003,75.0,2026-06-05,07:30,pre_pasto
44,U003,104.0,2026-06-05,12:30,pre_pasto
45,U003,193.0,2026-06-05,14:30,post_pasto
46,U003,110.0,2026-06-05,19:30,pre_pasto
47,U003,81.0,2026-06-06,07:30,pre_pasto
48,U003,139.0,2026-06-06,09:00,post_pasto
49,U003,158.0,2026-06-06,14:30,post_pasto
50,U003,105.0,2026-06-06,19:30,pre_pasto
51,U003,143.0,2026-06-06,21:30,post_pasto
52,U003,105.0,2026-06-07,07:30,pre_pasto
53,U003,121.0,2026-06-07,12:30,pre_pasto
54,U003,102.0,2026-06-07,19:30,pre_pasto
55,U003,143.0,2026-06-07,21:30,post_pasto
56,U003,99.0,2026-06-08,07:30,pre_pasto
57,U003,173.0,2026-06-08,09:00,post_pasto
58,U003,102.0,2026-06-08,12:30,pre_pasto
59,U003,136.0,2026-06-08,14:30,post_pasto
60,U003,105.0,2026-06-08,21:30,post_pasto
61,U003,108.0,2026-06-09,07:30,pre_pasto
62,U003,159.0,2026-06-09,09:00,post_pasto
63,U003,153.0,2026-06-09,14:30,post_pasto
64,U003,104.0,2026-06-09,19:30,pre_pasto
65,U003,124.0,2026-06-10,07:30,pre_pasto
66,U003,138.0,2026-06-10,14:30,post_pasto
67,U003,157.0,2026-06-11,14:30,post_pasto
68,U003,102.0,2026-06-11,19:30,pre_pasto
69,U003,145.0,2026-06-11,21:30,post_pasto
70,U003,98.0,2026-06-12,07:30,pre_pasto
71,U003,138.0,2026-06-12,09:00,post_pasto
72,U003,116.0,2026-06-12,12:30,pre_pasto
73,U003,130.0,2026-06-12,14:30,post_pasto
74,U003,104.0,2026-06-12,19:30,pre_pasto
75,U003,164.0,2026-06-12,21:30,post_pasto
76,U003,117.0,2026-06-13,07:30,pre_pasto
77,U003,168.0,2026-06-13,09:00,post_pasto
78,U003,115.0,2026-06-13,12:30,pre_pasto
79,U003,119.0,2026-06-13,14:30,post_pasto
80,U003,109.0,2026-06-13,19:30,pre_pasto
81,U003,150.0,2026-06-13,21:30,post_pasto
82,U003,90.0,2026-06-14,07:30,pre_pasto
83,U003,155.0,2026-06-14,09:00,post_pasto
84,U003,82.0,2026-06-14,12:30,pre_pasto
85,U003,148.0,2026-06-14,14:30,post_pasto
86,U003,95.0,2026-06-14,19:30,pre_pasto
87,U003,99.0,2026-06-15,07:30,pre_pasto
88,U003,157.0,2026-06-15,09:00,post_pasto
89,U003,114.0,2026-06-15,19:30,pre_pasto
90,U003,121.0,2026-06-15,21:30,post_pasto
91,U003,171.0,2026-06-16,09:00,post_pasto
92,U003,96.0,2026-06-16,12:30,pre_pasto
93,U003,147.0,2026-06-16,14:30,post_pasto
94,U003,95.0,2026-06-16,19:30,pre_pasto
95,U003,119.0,2026-06-16,21:30,post_pasto
96,U003,81.0,2026-06-17,07:30,pre_pasto
97,U003,156.0,2026-06-17,09:00,post_pasto
98,U003,93.0,2026-06-17,12:30,pre_pasto
99,U003,142.0,2026-06-17,14:30,post_pasto
100,U003,129.0,2026-06-17,19:30,pre_pasto
101,U003,156.0,2026-06-18,09:00,post_pasto
102,U003,115.0,2026-06-18,12:30,pre_pasto
103,U003,175.0,2026-06-18,14:30,post_pasto
104,U003,142.0,2026-06-18,19:30,pre_pasto
105,U003,215.0,2026-06-18,21:30,post_pasto
106,U003,95.0,2026-06-19,07:30,pre_pasto
107,U003,126.0,2026-06-19,09:00,post_pasto
108,U003,173.0,2026-06-19,14:30,post_pasto
109,U003,104.0,2026-06-19,19:30,pre_pasto
110,U003,104.0,2026-06-19,21:30,post_pasto
111,U003,211.0,2026-06-20,09:00,post_pasto
112,U003,178.0,2026-06-20,14:30,post_pasto
113,U003,123.0,2026-06-20,21:30,post_pasto
114,U003,105.0,2026-06-21,09:00,post_pasto
115,U003,93.0,2026-06-21,12:30,pre_pasto
116,U003,119.0,2026-06-21,14:30,post_pasto
117,U003,130.0,2026-06-21,19:30,pre_pasto
118,U003,165.0,2026-06-21,21:30,post_pasto
119,U003,97.0,2026-06-22,09:00,post_pasto
120,U003,106.0,2026-06-22,12:30,pre_pasto
121,U003,156.0,2026-06-22,14:30,post_pasto
122,U003,110.0,2026-06-22,19:30,pre_pasto
123,U003,110.0,2026-06-22,21:30,post_pasto
124,U003,103.0,2026-06-23,07:30,pre_pasto
125,U003,129.0,2026-06-23,09:00,post_pasto
126,U003,95.0,2026-06-23,12:30,pre_pasto
127,U003,168.0,2026-06-23,14:30,post_pasto
128,U003,171.0,2026-06-23,21:30,post_pasto
129,U003,97.0,2026-06-24,09:00,post_pasto
130,U003,113.0,2026-06-24,12:30,pre_pasto
131,U003,137.0,2026-06-24,14:30,post_pasto
132,U003,117.0,2026-06-24,19:30,pre_pasto
133,U003,179.0,2026-06-24,21:30,post_pasto
134,U003,108.0,2026-06-25,07:30,pre_pasto
135,U003,90.0,2026-06-25,12:30,pre_pasto
136,U003,83.0,2026-06-25,19:30,pre_pasto
137,U003,106.0,2026-06-25,21:30,post_pasto
138,U003,145.0,2026-06-26,09:00,post_pasto
139,U003,109.0,2026-06-26,12:30,pre_pasto
140,U003,182.0,2026-06-26,14:30,post_pasto
141,U003,95.0,2026-06-26,19:30,pre_pasto
142,U003,145.0,2026-06-26,21:30,post_pasto
143,U003,94.0,2026-06-27,07:30,pre_pasto
144,U003,98.0,2026-06-27,12:30,pre_pasto
145,U003,94.0,2026-06-27,19:30,pre_pasto
146,U003,197.0,2026-06-27,21:30,post_pasto
147,U003,162.0,2026-06-28,09:00,post_pasto
148,U003,183.0,2026-06-28,14:30,post_pasto
149,U003,108.0,2026-06-28,19:30,pre_pasto
150,U003,126.0,2026-06-28,21:30,post_pasto
151,U003,104.0,2026-06-29,07:30,pre_pasto
152,U003,141.0,2026-06-29,09:00,post_pasto
153,U003,88.0,2026-06-29,12:30,pre_pasto
154,U003,118.0,2026-06-29,19:30,pre_pasto
155,U003,108.0,2026-06-29,21:30,post_pasto
156,U003,84.0,2026-06-30,07:30,pre_pasto
157,U003,138.0,2026-06-30,09:00,post_pasto
158,U003,150.0,2026-06-30,14:30,post_pasto
159,U003,104.0,2026-06-30,19:30,pre_pasto
160,U003,155.0,2026-06-30,21:30,post_pasto
161,U003,85.0,2026-07-01,07:30,pre_pasto
162,U003,107.0,2026-07-01,12:30,pre_pasto
163,U003,120.0,2026-07-01,14:30,post_pasto
164,U003,100.0,2026-07-01,19:30,pre_pasto
165,U003,115.0,2026-07-02,07:30,pre_pasto
166,U003,100.0,2026-07-02,09:00,post_pasto
167,U003,78.0,2026-07-02,12:30,pre_pasto
168,U003,104.0,2026-07-02,14:30,post_pasto
169,U003,109.0,2026-07-02,19:30,pre_pasto
170,U003,144.0,2026-07-02,21:30,post_pasto
171,U003,108.0,2026-07-03,07:30,pre_pasto
172,U003,188.0,2026-07-03,14:30,post_pasto
173,U003,149.0,2026-07-03,21:30,post_pasto
174,U003,96.0,2026-07-04,07:30,pre_pasto
175,U003,114.0,2026-07-04,12:30,pre_pasto
176,U003,111.0,2026-07-04,14:30,post_pasto
177,U003,131.0,2026-07-04,19:30,pre_pasto
178,U003,149.0,2026-07-04,21:30,post_pasto
179,U003,99.0,2026-07-05,07:30,pre_pasto
180,U003,156.0,2026-07-05,09:00,post_pasto
181,U003,114.0,2026-07-05,12:30,pre_pasto
182,U003,149.0,2026-07-05,14:30,post_pasto
183,U003,112.0,2026-07-05,19:30,pre_pasto
184,U003,215.0,2026-07-05,21:30,post_pasto
185,U003,153.0,2026-07-06,09:00,post_pasto
186,U003,96.0,2026-07-06,12:30,pre_pasto
187,U003,137.0,2026-07-06,14:30,post_pasto
188,U003,111.0,2026-07-06,19:30,pre_pasto
189,U003,130.0,2026-07-06,21:30,post_pasto
190,U003,118.0,2026-07-07,07:30,pre_pasto
191,U003,121.0,2026-07-07,12:30,pre_pasto
192,U003,137.0,2026-07-07,14:30,post_pasto
193,U003,121.0,2026-07-07,19:30,pre_pasto
194,U003,149.0,2026-07-07,21:30,post_pasto
195,U003,142.0,2026-07-08,09:00,post_pasto
196,U003,92.0,2026-07-08,12:30,pre_pasto
197,U003,108.0,2026-07-08,19:30,pre_pasto
198,U003,103.0,2026-07-09,07:30,pre_pasto
199,U003,172.0,2026-07-09,09:00,post_pasto
200,U003,117.0,2026-07-09,12:30,pre_pasto
201,U003,148.0,2026-07-09,14:30,post_pasto
202,U003,116.0,2026-07-09,19:30,pre_pasto
203,U003,132.0,2026-07-09,21:30,post_pasto
204,U003,91.0,2026-07-10,07:30,pre_pasto
205,U003,162.0,2026-07-10,09:00,post_pasto
206,U003,180.0,2026-07-10,14:30,post_pasto
207,U003,96.0,2026-07-10,19:30,pre_pasto
208,U003,197.0,2026-07-10,21:30,post_pasto
209,U003,88.0,2026-07-11,07:30,pre_pasto
210,U003,172.0,2026-07-11,09:00,post_pasto
211,U003,142.0,2026-07-11,12:30,pre_pasto
212,U003,106.0,2026-07-11,19:30,pre_pasto
213,U003,117.0,2026-07-12,07:30,pre_pasto
214,U003,169.0,2026-07-12,09:00,post_pasto
215,U003,144.0,2026-07-12,12:30,pre_pasto
216,U003,84.0,2026-07-12,19:30,pre_pasto
217,U003,131.0,2026-07-12,21:30,post_pasto
218,U003,98.0,2026-07-13,12:30,pre_pasto
219,U003,95.0,2026-07-13,19:30,pre_pasto
220,U003,150.0,2026-07-13,21:30,post_pasto
221,U003,138.0,2026-07-14,07:30,pre_pasto
222,U003,143.0,2026-07-14,09:00,post_pasto
223,U003,152.0,2026-07-14,14:30,post_pasto
224,U003,104.0,2026-07-14,19:30,pre_pasto
225,U003,108.0,2026-07-14,21:30,post_pasto
226,U003,92.0,2026-07-15,07:30,pre_pasto
227,U003,94.0,2026-07-15,12:30,pre_pasto
228,U003,166.0,2026-07-15,14:30,post_pasto
229,U003,103.0,2026-07-15,19:30,pre_pasto
230,U003,184.0,2026-07-15,21:30,post_pasto
231,U003,95.0,2026-07-16,07:30,pre_pasto
232,U003,144.0,2026-07-16,09:00,post_pasto
233,U003,95.0,2026-07-16,12:30,pre_pasto
234,U003,122.0,2026-07-16,14:30,post_pasto
235,U003,136.0,2026-07-16,19:30,pre_pasto
236,U003,132.0,2026-07-16,21:30,post_pasto
237,U003,107.0,2026-07-17,07:30,pre_pasto
238,U003,96.0,2026-07-17,12:30,pre_pasto
239,U003,147.0,2026-07-17,14:30,post_pasto
240,U003,121.0,2026-07-17,21:30,post_pasto
241,U003,113.0,2026-07-18,07:30,pre_pasto
242,U003,126.0,2026-07-18,12:30,pre_pasto
243,U003,128.0,2026-07-18,14:30,post_pasto
244,U003,125.0,2026-07-18,19:30,pre_pasto
245,U003,137.0,2026-07-18,21:30,post_pasto
246,U003,85.0,2026-07-19,07:30,pre_pasto
247,U003,158.0,2026-07-19,14:30,post_pasto
248,U003,114.0,2026-07-19,19:30,pre_pasto
249,U003,170.0,2026-07-19,21:30,post_pasto
250,U003,129.0,2026-07-20,09:00,post_pasto
251,U003,125.0,2026-07-20,12:30,pre_pasto
252,U003,178.0,2026-07-20,14:30,post_pasto
253,U003,104.0,2026-07-20,19:30,pre_pasto
254,U003,117.0,2026-07-20,21:30,post_pasto
255,U003,119.0,2026-07-21,09:00,post_pasto
256,U003,163.0,2026-07-21,14:30,post_pasto
257,U003,110.0,2026-07-21,19:30,pre_pasto
258,U003,151.0,2026-07-22,09:00,post_pasto
259,U003,115.0,2026-07-22,12:30,pre_pasto
260,U003,120.0,2026-07-22,14:30,post_pasto
261,U003,95.0,2026-07-23,07:30,pre_pasto
262,U003,153.0,2026-07-23,09:00,post_pasto
263,U003,117.0,2026-07-23,12:30,pre_pasto
264,U003,162.0,2026-07-23,14:30,post_pasto
265,U003,108.0,2026-07-23,19:30,pre_pasto
266,U003,176.0,2026-07-23,21:30,post_pasto
267,U003,106.0,2026-07-24,07:30,pre_pasto
268,U003,74.0,2026-07-24,19:30,pre_pasto
269,U003,186.0,2026-07-24,21:30,post_pasto
270,U003,80.0,2026-07-25,07:30,pre_pasto
271,U003,121.0,2026-07-25,12:30,pre_pasto
272,U003,136.0,2026-07-25,14:30,post_pasto
273,U003,136.0,2026-07-26,07:30,pre_pasto
274,U003,129.0,2026-07-26,09:00,post_pasto
275,U003,118.0,2026-07-26,12:30,pre_pasto
276,U003,126.0,2026-07-26,19:30,pre_pasto
277,U003,109.0,2026-07-26,21:30,post_pasto
278,U003,107.0,2026-07-27,07:30,pre_pasto
279,U003,133.0,2026-07-27,09:00,post_pasto
280,U003,75.0,2026-07-27,12:30,pre_pasto
281,U003,158.0,2026-07-27,14:30,post_pasto
282,U003,103.0,2026-07-27,19:30,pre_pasto
283,U003,141.0,2026-07-27,21:30,post_pasto
284,U003,74.0,2026-07-28,14:30,post_pasto
285,U003,112.0,2026-07-28,19:30,pre_pasto
286,U003,91.0,2026-07-28,21:30,post_pasto
287,U003,84.0,2026-07-29,07:30,pre_pasto
288,U003,141.0,2026-07-29,09:00,post_pasto
289,U003,97.0,2026-07-29,12:30,pre_pasto
290,U003,132.0,2026-07-29,14:30,post_pasto
291,U003,109.0,2026-07-29,19:30,pre_pasto
292,U003,137.0,2026-07-29,21:30,post_pasto
293,U003,93.0,2026-07-30,07:30,pre_pasto
294,U003,200.0,2026-07-30,09:00,post_pasto
295,U003,129.0,2026-07-30,12:30,pre_pasto
296,U003,110.0,2026-07-30,19:30,pre_pasto
297,U003,126.0,2026-07-30,21:30,post_pasto
298,U003,98.0,2026-07-31,07:30,pre_pasto
299,U003,139.0,2026-07-31,09:00,post_pasto
300,U003,113.0,2026-07-31,12:30,pre_pasto
301,U003,142.0,2026-07-31,14:30,post_pasto
302,U003,107.0,2026-07-31,19:30,pre_pasto
303,U003,128.0,2026-07-31,21:30,post_pasto
304,U003,105.0,2026-08-01,07:30,pre_pasto
305,U003,139.0,2026-08-01,09:00,post_pasto
306,U003,103.0,2026-08-01,12:30,pre_pasto
307,U003,78.0,2026-08-01,19:30,pre_pasto
308,U003,118.0,2026-08-02,07:30,pre_pasto
309,U003,160.0,2026-08-02,09:00,post_pasto
310,U003,130.0,2026-08-02,14:30,post_pasto
311,U003,154.0,2026-08-03,09:00,post_pasto
312,U003,99.0,2026-08-03,12:30,pre_pasto
313,U003,157.0,2026-08-03,14:30,post_pasto
314,U003,107.0,2026-08-03,19:30,pre_pasto
315,U003,198.0,2026-08-03,21:30,post_pasto
316,U003,97.0,2026-08-04,07:30,pre_pasto
317,U003,102.0,2026-08-04,12:30,pre_pasto
318,U003,140.0,2026-08-04,14:30,post_pasto
319,U003,125.0,2026-08-04,19:30,pre_pasto
320,U003,156.0,2026-08-04,21:30,post_pasto
321,U003,120.0,2026-08-05,07:30,pre_pasto
322,U003,164.0,2026-08-05,09:00,post_pasto
323,U003,107.0,2026-08-05,12:30,pre_pasto
324,U003,172.0,2026-08-05,14:30,post_pasto
325,U003,81.0,2026-08-05,19:30,pre_pasto
326,U003,102.0,2026-08-05,21:30,post_pasto
327,U003,78.0,2026-08-06,07:30,pre_pasto
328,U003,81.0,2026-08-06,09:00,post_pasto
329,U003,149.0,2026-08-06,14:30,post_pasto
330,U003,86.0,2026-08-06,19:30,pre_pasto
331,U003,97.0,2026-08-06,21:30,post_pasto
332,U003,113.0,2026-08-07,07:30,pre_pasto
333,U003,172.0,2026-08-07,09:00,post_pasto
334,U003,102.0,2026-08-07,12:30,pre_pasto
335,U003,175.0,2026-08-07,14:30,post_pasto
336,U003,112.0,2026-08-07,19:30,pre_pasto
337,U003,124.0,2026-08-07,21:30,post_pasto
338,U003,115.0,2026-08-08,07:30,pre_pasto
339,U003,132.0,2026-08-08,09:00,post_pasto
340,U003,121.0,2026-08-08,12:30,pre_pasto
341,U003,110.0,2026-08-08,14:30,post_pasto
342,U003,187.0,2026-08-08,21:30,post_pasto
343,U003,101.0,2026-08-09,12:30,pre_pasto
344,U003,130.0,2026-08-09,14:30,post_pasto
345,U003,99.0,2026-08-09,19:30,pre_pasto
346,U003,185.0,2026-08-09,21:30,post_pasto
347,U003,96.0,2026-08-10,07:30,pre_pasto
348,U003,142.0,2026-08-10,09:00,post_pasto
349,U003,98.0,2026-08-10,12:30,pre_pasto
350,U003,145.0,2026-08-10,14:30,post_pasto
351,U003,105.0,2026-08-10,19:30,pre_pasto
352,U003,118.0,2026-08-10,21:30,post_pasto
353,U003,98.0,2026-08-11,07:30,pre_pasto
354,U003,122.0,2026-08-11,09:00,post_pasto
355,U003,78.0,2026-08-11,12:30,pre_pasto
356,U003,121.0,2026-08-11,14:30,post_pasto
357,U003,84.0,2026-08-11,21:30,post_pasto
358,U003,180.0,2026-08-12,09:00,post_pasto
359,U003,113.0,2026-08-12,12:30,pre_pasto
360,U003,144.0,2026-08-12,14:30,post_pasto
361,U003,116.0,2026-08-12,21:30,post_pasto
362,U003,82.0,2026-08-13,07:30,pre_pasto
363,U003,90.0,2026-08-13,09:00,post_pasto
364,U003,98.0,2026-08-13,12:30,pre_pasto
365,U003,134.0,2026-08-13,14:30,post_pasto
366,U003,95.0,2026-08-13,19:30,pre_pasto
367,U003,120.0,2026-08-13,21:30,post_pasto
368,U003,78.0,2026-08-14,07:30,pre_pasto
369,U003,162.0,2026-08-14,09:00,post_pasto
370,U003,119.0,2026-08-14,12:30,pre_pasto
371,U003,163.0,2026-08-14,14:30,post_pasto
372,U003,103.0,2026-08-14,19:30,pre_pasto
373,U003,130.0,2026-08-14,21:30,post_pasto
374,U003,96.0,2026-08-15,07:30,pre_pasto
375,U003,155.0,2026-08-15,09:00,post_pasto
376,U003,186.0,2026-08-15,14:30,post_pasto
377,U003,105.0,2026-08-15,19:30,pre_pasto
378,U003,127.0,2026-08-15,21:30,post_pasto
379,U003,103.0,2026-08-16,07:30,pre_pasto
380,U003,139.0,2026-08-16,09:00,post_pasto
381,U003,110.0,2026-08-16,12:30,pre_pasto
382,U003,159.0,2026-08-16,14:30,post_pasto
383,U003,97.0,2026-08-16,19:30,pre_pasto
384,U003,134.0,2026-08-17,07:30,pre_pasto
385,U003,206.0,2026-08-17,14:30,post_pasto
386,U003,114.0,2026-08-17,19:30,pre_pasto
387,U003,185.0,2026-08-17,21:30,post_pasto
388,U003,115.0,2026-08-18,07:30,pre_pasto
389,U003,188.0,2026-08-18,09:00,post_pasto
390,U003,102.0,2026-08-18,12:30,pre_pasto
391,U003,152.0,2026-08-18,21:30,post_pasto
392,U003,116.0,2026-08-19,07:30,pre_pasto
393,U003,126.0,2026-08-19,09:00,post_pasto
394,U003,120.0,2026-08-19,12:30,pre_pasto
395,U003,158.0,2026-08-19,14:30,post_pasto
396,U003,184.0,2026-08-19,21:30,post_pasto
397,U003,113.0,2026-08-20,07:30,pre_pasto
398,U003,139.0,2026-08-20,09:00,post_pasto
399,U003,97.0,2026-08-20,12:30,pre_pasto
400,U003,141.0,2026-08-20,14:30,post_pasto
401,U003,99.0,2026-08-20,19:30,pre_pasto
402,U003,130.0,2026-08-20,21:30,post_pasto
403,U003,118.0,2026-08-21,07:30,pre_pasto
404,U003,193.0,2026-08-21,09:00,post_pasto
405,U003,110.0,2026-08-21,12:30,pre_pasto
406,U003,113.0,2026-08-21,19:30,pre_pasto
407,U003,166.0,2026-08-21,21:30,post_pasto
408,U003,93.0,2026-08-22,09:00,post_pasto
409,U003,95.0,2026-08-22,12:30,pre_pasto
410,U003,108.0,2026-08-22,14:30,post_pasto
411,U003,94.0,2026-08-22,19:30,pre_pasto
412,U003,143.0,2026-08-22,21:30,post_pasto
413,U003,121.0,2026-08-23,07:30,pre_pasto
414,U003,115.0,2026-08-23,09:00,post_pasto
415,U003,120.0,2026-08-23,12:30,pre_pasto
416,U003,155.0,2026-08-23,14:30,post_pasto
417,U003,145.0,2026-08-23,21:30,post_pasto
418,U003,175.0,2026-08-24,09:00,post_pasto
419,U003,173.0,2026-08-24,14:30,post_pasto
420,U003,109.0,2026-08-24,19:30,pre_pasto
421,U003,164.0,2026-08-24,21:30,post_pasto
422,U003,106.0,2026-08-25,07:30,pre_pasto
423,U003,140.0,2026-08-25,09:00,post_pasto
424,U003,107.0,2026-08-25,12:30,pre_pasto
425,U004,108.0,2026-05-27,07:30,pre_pasto
426,U004,103.0,2026-05-27,12:30,pre_pasto
427,U004,159.0,2026-05-27,14:30,post_pasto
428,U004,82.0,2026-05-27,19:30,pre_pasto
429,U004,128.0,2026-05-27,21:30,post_pasto
430,U004,105.0,2026-05-28,07:30,pre_pasto
431,U004,120.0,2026-05-28,14:30,post_pasto
432,U004,97.0,2026-05-28,19:30,pre_pasto
433,U004,111.0,2026-05-29,07:30,pre_pasto
434,U004,153.0,2026-05-29,09:00,post_pasto
435,U004,157.0,2026-05-29,14:30,post_pasto
436,U004,113.0,2026-05-29,19:30,pre_pasto
437,U004,151.0,2026-05-30,09:00,post_pasto
438,U004,143.0,2026-05-30,14:30,post_pasto
439,U004,104.0,2026-05-30,19:30,pre_pasto
440,U004,168.0,2026-05-30,21:30,post_pasto
441,U004,87.0,2026-05-31,07:30,pre_pasto
442,U004,80.0,2026-05-31,09:00,post_pasto
443,U004,131.0,2026-05-31,12:30,pre_pasto
444,U004,110.0,2026-05-31,14:30,post_pasto
445,U004,106.0,2026-05-31,19:30,pre_pasto
446,U004,131.0,2026-05-31,21:30,post_pasto
447,U004,97.0,2026-06-01,07:30,pre_pasto
448,U004,142.0,2026-06-01,09:00,post_pasto
449,U004,163.0,2026-06-01,14:30,post_pasto
450,U004,88.0,2026-06-01,19:30,pre_pasto
451,U004,127.0,2026-06-01,21:30,post_pasto
452,U004,120.0,2026-06-02,07:30,pre_pasto
453,U004,104.0,2026-06-02,12:30,pre_pasto
454,U004,133.0,2026-06-02,14:30,post_pasto
455,U004,96.0,2026-06-02,19:30,pre_pasto
456,U004,157.0,2026-06-02,21:30,post_pasto
457,U004,108.0,2026-06-03,07:30,pre_pasto
458,U004,138.0,2026-06-03,09:00,post_pasto
459,U004,123.0,2026-06-03,12:30,pre_pasto
460,U004,130.0,2026-06-03,14:30,post_pasto
461,U004,93.0,2026-06-03,19:30,pre_pasto
462,U004,174.0,2026-06-03,21:30,post_pasto
463,U004,117.0,2026-06-04,07:30,pre_pasto
464,U004,146.0,2026-06-04,09:00,post_pasto
465,U004,81.0,2026-06-04,12:30,pre_pasto
466,U004,107.0,2026-06-04,19:30,pre_pasto
467,U004,130.0,2026-06-05,07:30,pre_pasto
468,U004,138.0,2026-06-05,09:00,post_pasto
469,U004,117.0,2026-06-05,12:30,pre_pasto
470,U004,146.0,2026-06-05,14:30,post_pasto
471,U004,137.0,2026-06-05,21:30,post_pasto
472,U004,105.0,2026-06-06,07:30,pre_pasto
473,U004,140.0,2026-06-06,09:00,post_pasto
474,U004,102.0,2026-06-06,12:30,pre_pasto
475,U004,141.0,2026-06-06,14:30,post_pasto
476,U004,135.0,2026-06-06,19:30,pre_pasto
477,U004,164.0,2026-06-06,21:30,post_pasto
478,U004,99.0,2026-06-07,07:30,pre_pasto
479,U004,142.0,2026-06-07,09:00,post_pasto
480,U004,100.0,2026-06-07,12:30,pre_pasto
481,U004,91.0,2026-06-07,19:30,pre_pasto
482,U004,159.0,2026-06-07,21:30,post_pasto
483,U004,114.0,2026-06-08,07:30,pre_pasto
484,U004,100.0,2026-06-08,09:00,post_pasto
485,U004,118.0,2026-06-08,12:30,pre_pasto
486,U004,146.0,2026-06-08,14:30,post_pasto
487,U004,96.0,2026-06-08,19:30,pre_pasto
488,U004,142.0,2026-06-08,21:30,post_pasto
489,U004,132.0,2026-06-09,07:30,pre_pasto
490,U004,204.0,2026-06-09,14:30,post_pasto
491,U004,104.0,2026-06-09,19:30,pre_pasto
492,U004,119.0,2026-06-10,07:30,pre_pasto
493,U004,138.0,2026-06-10,09:00,post_pasto
494,U004,117.0,2026-06-10,12:30,pre_pasto
495,U004,113.0,2026-06-10,19:30,pre_pasto
496,U004,136.0,2026-06-10,21:30,post_pasto
497,U004,115.0,2026-06-11,09:00,post_pasto
498,U004,125.0,2026-06-11,12:30,pre_pasto
499,U004,140.0,2026-06-11,14:30,post_pasto
500,U004,100.0,2026-06-11,19:30,pre_pasto
501,U004,154.0,2026-06-11,21:30,post_pasto
502,U004,128.0,2026-06-12,07:30,pre_pasto
503,U004,125.0,2026-06-12,09:00,post_pasto
504,U004,100.0,2026-06-12,12:30,pre_pasto
505,U004,154.0,2026-06-12,14:30,post_pasto
506,U004,121.0,2026-06-13,09:00,post_pasto
507,U004,117.0,2026-06-13,12:30,pre_pasto
508,U004,153.0,2026-06-13,14:30,post_pasto
509,U004,99.0,2026-06-13,19:30,pre_pasto
510,U004,169.0,2026-06-13,21:30,post_pasto
511,U004,76.0,2026-06-14,07:30,pre_pasto
512,U004,127.0,2026-06-14,09:00,post_pasto
513,U004,111.0,2026-06-14,12:30,pre_pasto
514,U004,157.0,2026-06-14,14:30,post_pasto
515,U004,86.0,2026-06-14,19:30,pre_pasto
516,U004,150.0,2026-06-14,21:30,post_pasto
517,U004,151.0,2026-06-15,09:00,post_pasto
518,U004,115.0,2026-06-15,12:30,pre_pasto
519,U004,101.0,2026-06-15,14:30,post_pasto
520,U004,126.0,2026-06-15,21:30,post_pasto
521,U004,97.0,2026-06-16,12:30,pre_pasto
522,U004,173.0,2026-06-16,14:30,post_pasto
523,U004,87.0,2026-06-16,19:30,pre_pasto
524,U004,136.0,2026-06-17,09:00,post_pasto
525,U004,100.0,2026-06-17,12:30,pre_pasto
526,U004,129.0,2026-06-17,14:30,post_pasto
527,U004,105.0,2026-06-17,19:30,pre_pasto
528,U004,185.0,2026-06-18,09:00,post_pasto
529,U004,139.0,2026-06-18,14:30,post_pasto
530,U004,111.0,2026-06-18,19:30,pre_pasto
531,U004,139.0,2026-06-18,21:30,post_pasto
532,U004,106.0,2026-06-19,09:00,post_pasto
533,U004,123.0,2026-06-19,12:30,pre_pasto
534,U004,135.0,2026-06-19,14:30,post_pasto
535,U004,82.0,2026-06-19,19:30,pre_pasto
536,U004,173.0,2026-06-19,21:30,post_pasto
537,U004,110.0,2026-06-20,07:30,pre_pasto
538,U004,119.0,2026-06-20,09:00,post_pasto
539,U004,98.0,2026-06-20,12:30,pre_pasto
540,U004,118.0,2026-06-20,14:30,post_pasto
541,U004,116.0,2026-06-20,19:30,pre_pasto
542,U004,148.0,2026-06-20,21:30,post_pasto
543,U004,153.0,2026-06-21,09:00,post_pasto
544,U004,96.0,2026-06-21,12:30,pre_pasto
545,U004,137.0,2026-06-21,14:30,post_pasto
546,U004,142.0,2026-06-21,21:30,post_pasto
547,U004,116.0,2026-06-22,07:30,pre_pasto
548,U004,108.0,2026-06-22,09:00,post_pasto
549,U004,168.0,2026-06-22,14:30,post_pasto
550,U004,105.0,2026-06-23,07:30,pre_pasto
551,U004,121.0,2026-06-23,09:00,post_pasto
552,U004,107.0,2026-06-23,12:30,pre_pasto
553,U004,168.0,2026-06-23,14:30,post_pasto
554,U004,112.0,2026-06-23,19:30,pre_pasto
555,U004,119.0,2026-06-23,21:30,post_pasto
556,U004,102.0,2026-06-24,07:30,pre_pasto
557,U004,89.0,2026-06-24,12:30,pre_pasto
558,U004,99.0,2026-06-24,19:30,pre_pasto
559,U004,180.0,2026-06-24,21:30,post_pasto
560,U004,92.0,2026-06-25,07:30,pre_pasto
561,U004,123.0,2026-06-25,09:00,post_pasto
562,U004,98.0,2026-06-25,12:30,pre_pasto
563,U004,161.0,2026-06-25,14:30,post_pasto
564,U004,70.0,2026-06-25,19:30,pre_pasto
565,U004,166.0,2026-06-25,21:30,post_pasto
566,U004,106.0,2026-06-26,07:30,pre_pasto
567,U004,178.0,2026-06-26,09:00,post_pasto
568,U004,153.0,2026-06-26,14:30,post_pasto
569,U004,105.0,2026-06-26,19:30,pre_pasto
570,U004,206.0,2026-06-26,21:30,post_pasto
571,U004,126.0,2026-06-27,07:30,pre_pasto
572,U004,171.0,2026-06-27,09:00,post_pasto
573,U004,95.0,2026-06-27,12:30,pre_pasto
574,U004,169.0,2026-06-27,21:30,post_pasto
575,U004,113.0,2026-06-28,09:00,post_pasto
576,U004,180.0,2026-06-28,14:30,post_pasto
577,U004,98.0,2026-06-28,19:30,pre_pasto
578,U004,108.0,2026-06-29,07:30,pre_pasto
579,U004,158.0,2026-06-29,09:00,post_pasto
580,U004,82.0,2026-06-29,12:30,pre_pasto
581,U004,135.0,2026-06-29,14:30,post_pasto
582,U004,81.0,2026-06-29,19:30,pre_pasto
583,U004,107.0,2026-06-29,21:30,post_pasto
584,U004,109.0,2026-06-30,07:30,pre_pasto
585,U004,149.0,2026-06-30,09:00,post_pasto
586,U004,101.0,2026-06-30,12:30,pre_pasto
587,U004,118.0,2026-06-30,14:30,post_pasto
588,U004,108.0,2026-06-30,19:30,pre_pasto
589,U004,167.0,2026-06-30,21:30,post_pasto
590,U004,86.0,2026-07-01,07:30,pre_pasto
591,U004,121.0,2026-07-01,09:00,post_pasto
592,U004,93.0,2026-07-01,12:30,pre_pasto
593,U004,142.0,2026-07-01,14:30,post_pasto
594,U004,81.0,2026-07-01,19:30,pre_pasto
595,U004,133.0,2026-07-01,21:30,post_pasto
596,U004,91.0,2026-07-02,07:30,pre_pasto
597,U004,158.0,2026-07-02,09:00,post_pasto
598,U004,147.0,2026-07-02,14:30,post_pasto
599,U004,123.0,2026-07-02,19:30,pre_pasto
600,U004,102.0,2026-07-03,07:30,pre_pasto
601,U004,161.0,2026-07-03,09:00,post_pasto
602,U004,118.0,2026-07-03,12:30,pre_pasto
603,U004,130.0,2026-07-03,14:30,post_pasto
604,U004,125.0,2026-07-04,09:00,post_pasto
605,U004,95.0,2026-07-04,12:30,pre_pasto
606,U004,148.0,2026-07-04,14:30,post_pasto
607,U004,100.0,2026-07-04,19:30,pre_pasto
608,U004,72.0,2026-07-05,07:30,pre_pasto
609,U004,143.0,2026-07-05,09:00,post_pasto
610,U004,104.0,2026-07-05,12:30,pre_pasto
611,U004,169.0,2026-07-05,14:30,post_pasto
612,U004,119.0,2026-07-05,19:30,pre_pasto
613,U004,174.0,2026-07-05,21:30,post_pasto
614,U004,88.0,2026-07-06,07:30,pre_pasto
615,U004,156.0,2026-07-06,09:00,post_pasto
616,U004,121.0,2026-07-06,14:30,post_pasto
617,U004,124.0,2026-07-06,19:30,pre_pasto
618,U004,106.0,2026-07-07,07:30,pre_pasto
619,U004,102.0,2026-07-07,12:30,pre_pasto
620,U004,127.0,2026-07-07,19:30,pre_pasto
621,U004,133.0,2026-07-07,21:30,post_pasto
622,U004,114.0,2026-07-08,07:30,pre_pasto
623,U004,142.0,2026-07-08,14:30,post_pasto
624,U004,94.0,2026-07-08,19:30,pre_pasto
625,U004,124.0,2026-07-09,07:30,pre_pasto
626,U004,172.0,2026-07-09,09:00,post_pasto
627,U004,96.0,2026-07-09,12:30,pre_pasto
628,U004,77.0,2026-07-09,14:30,post_pasto
629,U004,145.0,2026-07-09,21:30,post_pasto
630,U004,120.0,2026-07-10,07:30,pre_pasto
631,U004,193.0,2026-07-10,09:00,post_pasto
632,U004,112.0,2026-07-10,12:30,pre_pasto
633,U004,165.0,2026-07-10,14:30,post_pasto
634,U004,91.0,2026-07-10,19:30,pre_pasto
635,U004,118.0,2026-07-10,21:30,post_pasto
636,U004,92.0,2026-07-11,07:30,pre_pasto
637,U004,110.0,2026-07-11,12:30,pre_pasto
638,U004,121.0,2026-07-11,14:30,post_pasto
639,U004,109.0,2026-07-11,19:30,pre_pasto
640,U004,140.0,2026-07-11,21:30,post_pasto
641,U004,171.0,2026-07-12,14:30,post_pasto
642,U004,107.0,2026-07-12,19:30,pre_pasto
643,U004,156.0,2026-07-12,21:30,post_pasto
644,U004,141.0,2026-07-13,07:30,pre_pasto
645,U004,201.0,2026-07-13,09:00,post_pasto
646,U004,112.0,2026-07-13,12:30,pre_pasto
647,U004,128.0,2026-07-13,14:30,post_pasto
648,U004,94.0,2026-07-13,19:30,pre_pasto
649,U004,153.0,2026-07-13,21:30,post_pasto
650,U004,193.0,2026-07-14,09:00,post_pasto
651,U004,93.0,2026-07-14,12:30,pre_pasto
652,U004,160.0,2026-07-14,14:30,post_pasto
653,U004,93.0,2026-07-14,19:30,pre_pasto
654,U004,119.0,2026-07-14,21:30,post_pasto
655,U004,119.0,2026-07-15,07:30,pre_pasto
656,U004,100.0,2026-07-15,12:30,pre_pasto
657,U004,149.0,2026-07-15,14:30,post_pasto
658,U004,103.0,2026-07-15,19:30,pre_pasto
659,U004,77.0,2026-07-16,07:30,pre_pasto
660,U004,115.0,2026-07-16,09:00,post_pasto
661,U004,105.0,2026-07-16,12:30,pre_pasto
662,U004,163.0,2026-07-16,14:30,post_pasto
663,U004,149.0,2026-07-16,21:30,post_pasto
664,U004,124.0,2026-07-17,07:30,pre_pasto
665,U004,105.0,2026-07-17,09:00,post_pasto
666,U004,119.0,2026-07-17,14:30,post_pasto
667,U004,109.0,2026-07-17,19:30,pre_pasto
668,U004,160.0,2026-07-17,21:30,post_pasto
669,U004,121.0,2026-07-18,09:00,post_pasto
670,U004,105.0,2026-07-18,12:30,pre_pasto
671,U004,141.0,2026-07-18,14:30,post_pasto
672,U004,114.0,2026-07-18,19:30,pre_pasto
673,U004,130.0,2026-07-18,21:30,post_pasto
674,U004,129.0,2026-07-19,09:00,post_pasto
675,U004,135.0,2026-07-19,14:30,post_pasto
676,U004,112.0,2026-07-19,19:30,pre_pasto
677,U004,127.0,2026-07-19,21:30,post_pasto
678,U004,155.0,2026-07-20,09:00,post_pasto
679,U004,78.0,2026-07-20,12:30,pre_pasto
680,U004,154.0,2026-07-20,14:30,post_pasto
681,U004,94.0,2026-07-21,07:30,pre_pasto
682,U004,165.0,2026-07-21,09:00,post_pasto
683,U004,80.0,2026-07-21,12:30,pre_pasto
684,U004,149.0,2026-07-21,14:30,post_pasto
685,U004,95.0,2026-07-21,19:30,pre_pasto
686,U004,155.0,2026-07-21,21:30,post_pasto
687,U004,120.0,2026-07-22,07:30,pre_pasto
688,U004,169.0,2026-07-22,09:00,post_pasto
689,U004,104.0,2026-07-22,12:30,pre_pasto
690,U004,133.0,2026-07-22,14:30,post_pasto
691,U004,95.0,2026-07-22,19:30,pre_pasto
692,U004,153.0,2026-07-22,21:30,post_pasto
693,U004,104.0,2026-07-23,07:30,pre_pasto
694,U004,125.0,2026-07-23,09:00,post_pasto
695,U004,138.0,2026-07-23,12:30,pre_pasto
696,U004,159.0,2026-07-23,14:30,post_pasto
697,U004,103.0,2026-07-23,19:30,pre_pasto
698,U004,182.0,2026-07-23,21:30,post_pasto
699,U004,128.0,2026-07-24,07:30,pre_pasto
700,U004,130.0,2026-07-24,09:00,post_pasto
701,U004,90.0,2026-07-24,12:30,pre_pasto
702,U004,125.0,2026-07-24,14:30,post_pasto
703,U004,101.0,2026-07-24,19:30,pre_pasto
704,U004,117.0,2026-07-24,21:30,post_pasto
705,U004,110.0,2026-07-25,07:30,pre_pasto
706,U004,87.0,2026-07-25,12:30,pre_pasto
707,U004,92.0,2026-07-25,19:30,pre_pasto
708,U004,96.0,2026-07-25,21:30,post_pasto
709,U004,118.0,2026-07-26,07:30,pre_pasto
710,U004,86.0,2026-07-26,12:30,pre_pasto
711,U004,139.0,2026-07-26,14:30,post_pasto
712,U004,100.0,2026-07-26,19:30,pre_pasto
713,U004,102.0,2026-07-27,07:30,pre_pasto
714,U004,121.0,2026-07-27,09:00,post_pasto
715,U004,112.0,2026-07-27,12:30,pre_pasto
716,U004,168.0,2026-07-27,14:30,post_pasto
717,U004,99.0,2026-07-27,19:30,pre_pasto
718,U004,163.0,2026-07-27,21:30,post_pasto
719,U004,97.0,2026-07-28,07:30,pre_pasto
720,U004,90.0,2026-07-28,12:30,pre_pasto
721,U004,146.0,2026-07-28,14:30,post_pasto
722,U004,165.0,2026-07-28,21:30,post_pasto
723,U004,114.0,2026-07-29,07:30,pre_pasto
724,U004,99.0,2026-07-29,12:30,pre_pasto
725,U004,129.0,2026-07-29,14:30,post_pasto
726,U004,84.0,2026-07-29,19:30,pre_pasto
727,U004,164.0,2026-07-29,21:30,post_pasto
728,U004,98.0,2026-07-30,07:30,pre_pasto
729,U004,96.0,2026-07-30,12:30,pre_pasto
730,U004,140.0,2026-07-30,14:30,post_pasto
731,U004,117.0,2026-07-30,19:30,pre_pasto
732,U004,121.0,2026-07-30,21:30,post_pasto
733,U004,115.0,2026-07-31,07:30,pre_pasto
734,U004,116.0,2026-07-31,09:00,post_pasto
735,U004,111.0,2026-07-31,12:30,pre_pasto
736,U004,161.0,2026-07-31,14:30,post_pasto
737,U004,116.0,2026-07-31,19:30,pre_pasto
738,U004,127.0,2026-07-31,21:30,post_pasto
739,U004,107.0,2026-08-01,07:30,pre_pasto
740,U004,165.0,2026-08-01,09:00,post_pasto
741,U004,130.0,2026-08-01,14:30,post_pasto
742,U004,87.0,2026-08-01,19:30,pre_pasto
743,U004,142.0,2026-08-01,21:30,post_pasto
744,U004,74.0,2026-08-02,07:30,pre_pasto
745,U004,170.0,2026-08-02,09:00,post_pasto
746,U004,94.0,2026-08-02,12:30,pre_pasto
747,U004,194.0,2026-08-02,14:30,post_pasto
748,U004,104.0,2026-08-02,19:30,pre_pasto
749,U004,121.0,2026-08-02,21:30,post_pasto
750,U004,120.0,2026-08-03,07:30,pre_pasto
751,U004,100.0,2026-08-03,12:30,pre_pasto
752,U004,95.0,2026-08-03,19:30,pre_pasto
753,U004,155.0,2026-08-03,21:30,post_pasto
754,U004,94.0,2026-08-04,07:30,pre_pasto
755,U004,88.0,2026-08-04,09:00,post_pasto
756,U004,120.0,2026-08-04,12:30,pre_pasto
757,U004,124.0,2026-08-04,19:30,pre_pasto
758,U004,101.0,2026-08-05,07:30,pre_pasto
759,U004,92.0,2026-08-05,12:30,pre_pasto
760,U004,164.0,2026-08-05,14:30,post_pasto
761,U004,124.0,2026-08-05,19:30,pre_pasto
762,U004,99.0,2026-08-05,21:30,post_pasto
763,U004,113.0,2026-08-06,07:30,pre_pasto
764,U004,178.0,2026-08-06,09:00,post_pasto
765,U004,100.0,2026-08-06,12:30,pre_pasto
766,U004,103.0,2026-08-06,14:30,post_pasto
767,U004,131.0,2026-08-06,19:30,pre_pasto
768,U004,175.0,2026-08-06,21:30,post_pasto
769,U004,84.0,2026-08-07,07:30,pre_pasto
770,U004,155.0,2026-08-07,09:00,post_pasto
771,U004,130.0,2026-08-07,14:30,post_pasto
772,U004,156.0,2026-08-07,21:30,post_pasto
773,U004,113.0,2026-08-08,07:30,pre_pasto
774,U004,135.0,2026-08-08,09:00,post_pasto
775,U004,100.0,2026-08-08,12:30,pre_pasto
776,U004,75.0,2026-08-08,14:30,post_pasto
777,U004,117.0,2026-08-08,19:30,pre_pasto
778,U004,124.0,2026-08-08,21:30,post_pasto
779,U004,109.0,2026-08-09,12:30,pre_pasto
780,U004,141.0,2026-08-09,14:30,post_pasto
781,U004,104.0,2026-08-09,19:30,pre_pasto
782,U004,113.0,2026-08-09,21:30,post_pasto
783,U004,127.0,2026-08-10,07:30,pre_pasto
784,U004,102.0,2026-08-10,12:30,pre_pasto
785,U004,131.0,2026-08-10,14:30,post_pasto
786,U004,103.0,2026-08-10,19:30,pre_pasto
787,U004,98.0,2026-08-11,07:30,pre_pasto
788,U004,113.0,2026-08-11,09:00,post_pasto
789,U004,88.0,2026-08-11,12:30,pre_pasto
790,U004,155.0,2026-08-11,14:30,post_pasto
791,U004,90.0,2026-08-11,19:30,pre_pasto
792,U004,158.0,2026-08-11,21:30,post_pasto
793,U004,105.0,2026-08-12,07:30,pre_pasto
794,U004,164.0,2026-08-12,09:00,post_pasto
795,U004,136.0,2026-08-12,14:30,post_pasto
796,U004,111.0,2026-08-12,19:30,pre_pasto
797,U004,158.0,2026-08-12,21:30,post_pasto
798,U004,165.0,2026-08-13,09:00,post_pasto
799,U004,104.0,2026-08-13,12:30,pre_pasto
800,U004,203.0,2026-08-13,14:30,post_pasto
801,U004,100.0,2026-08-13,19:30,pre_pasto
802,U004,136.0,2026-08-13,21:30,post_pasto
803,U004,102.0,2026-08-14,12:30,pre_pasto
804,U004,152.0,2026-08-14,14:30,post_pasto
805,U004,111.0,2026-08-14,21:30,post_pasto
806,U004,137.0,2026-08-15,09:00,post_pasto
807,U004,135.0,2026-08-15,14:30,post_pasto
808,U004,92.0,2026-08-15,19:30,pre_pasto
809,U004,140.0,2026-08-15,21:30,post_pasto
810,U004,135.0,2026-08-16,09:00,post_pasto
811,U004,94.0,2026-08-16,12:30,pre_pasto
812,U004,121.0,2026-08-16,14:30,post_pasto
813,U004,125.0,2026-08-16,19:30,pre_pasto
814,U004,156.0,2026-08-16,21:30,post_pasto
815,U004,96.0,2026-08-17,07:30,pre_pasto
816,U004,170.0,2026-08-17,09:00,post_pasto
817,U004,185.0,2026-08-17,14:30,post_pasto
818,U004,163.0,2026-08-17,21:30,post_pasto
819,U004,100.0,2026-08-18,07:30,pre_pasto
820,U004,153.0,2026-08-18,09:00,post_pasto
821,U004,135.0,2026-08-18,12:30,pre_pasto
822,U004,129.0,2026-08-18,14:30,post_pasto
823,U004,108.0,2026-08-18,19:30,pre_pasto
824,U004,116.0,2026-08-18,21:30,post_pasto
825,U004,82.0,2026-08-19,07:30,pre_pasto
826,U004,145.0,2026-08-19,09:00,post_pasto
827,U004,110.0,2026-08-19,12:30,pre_pasto
828,U004,139.0,2026-08-19,14:30,post_pasto
829,U004,114.0,2026-08-19,19:30,pre_pasto
830,U004,159.0,2026-08-19,21:30,post_pasto
831,U004,100.0,2026-08-20,07:30,pre_pasto
832,U004,114.0,2026-08-20,09:00,post_pasto
833,U004,97.0,2026-08-20,12:30,pre_pasto
834,U004,195.0,2026-08-20,14:30,post_pasto
835,U004,104.0,2026-08-20,21:30,post_pasto
836,U004,112.0,2026-08-21,07:30,pre_pasto
837,U004,120.0,2026-08-21,09:00,post_pasto
838,U004,97.0,2026-08-21,12:30,pre_pasto
839,U004,151.0,2026-08-21,14:30,post_pasto
840,U004,88.0,2026-08-21,19:30,pre_pasto
841,U004,153.0,2026-08-21,21:30,post_pasto
842,U004,100.0,2026-08-22,07:30,pre_pasto
843,U004,132.0,2026-08-22,09:00,post_pasto
844,U004,134.0,2026-08-22,12:30,pre_pasto
845,U004,97.0,2026-08-22,19:30,pre_pasto
846,U004,158.0,2026-08-22,21:30,post_pasto
847,U004,134.0,2026-08-23,09:00,post_pasto
848,U004,114.0,2026-08-23,12:30,pre_pasto
849,U004,119.0,2026-08-23,14:30,post_pasto
850,U004,132.0,2026-08-23,19:30,pre_pasto
851,U004,92.0,2026-08-24,07:30,pre_pasto
852,U004,144.0,2026-08-24,09:00,post_pasto
853,U004,118.0,2026-08-24,12:30,pre_pasto
854,U004,106.0,2026-08-24,19:30,pre_pasto
855,U004,89.0,2026-08-25,07:30,pre_pasto
856,U004,144.0,2026-08-25,09:00,post_pasto
857,U004,158.0,2026-08-25,14:30,post_pasto
858,U003,300.0,2026-08-25,15:20,post_pasto
